	MannWhitneyU_stat	MannWhitneyU_p	Levene_stat	Levene_p	Levene_p_corrected	MannWhitneyU_p_corrected	Variance_Test	Variance_Train	Mean_Test	Mean_Train
GEX_PVR	34.0	2.903728360632071e-09	7.383515011094111	0.008457764631925633	0.01286764969292966	1.0812931323877522e-08	1.57744891	13.573006510396976	3.8533	9.486478260869566
GEX_ATM	584.0	0.08485912095236968	9.181450357815043	0.003524725218880838	0.006531599813186767	0.10177888433244338	9.211075627500003	1396.5990834881854	19.28085	36.530891304347826
GEX_AIF1	594.0	0.0625058992522337	6.478540463996201	0.013339064450417796	0.01910466739968263	0.07783377900516998	77970.12783502751	280855.6045278658	1277.2773499999998	1093.841782608696
GEX_ZNF248	593.0	0.06449576556808304	0.5661822727115716	0.45453868146024545	0.48033682284042156	0.08005664868927133	3.5598144399999994	4.708174716918714	6.4674000000000005	5.656021739130435
GEX_ADGRG3	90.0	2.5290761588692474e-07	9.245301411460629	0.0034190795669566103	0.006388844522335002	6.46319462822141e-07	55.888031927500016	178.05666211956523	8.99665	26.237500000000004
GEX_MDH2	149.0	1.4754370599431678e-05	26.17994876932967	3.0557289079425717e-06	4.595346165405944e-05	3.068595161903078e-05	132.11090794750004	1352.3365017372403	80.41645	124.07095652173912
GEX_CCNE1	8.0	2.983005830231853e-10	13.956326427424221	0.00040081746220301103	0.001316971661524179	1.7152283523833154e-09	0.32894108999999994	13.495005070415882	0.7211000000000001	6.059195652173913
GEX_ANAPC11	739.0	0.000101978186291945	4.172911442656592	0.045198491796426814	0.056282198383448674	0.00019078215712990668	409.5341006475	980.5349572027411	86.43254999999999	54.31928260869565
GEX_CTSD	49.0	1.0186306478920858e-08	35.51653642964172	1.1880544843015563e-07	7.471976936893521e-06	3.238086043299232e-08	285.89637306000003	19455.232190289225	67.7782	273.8985652173913
GEX_RHOG	191.0	0.00017945550779924864	25.40925890005301	4.06071157115686e-06	5.454547205455151e-05	0.0003218674474747991	1014.7470330000002	10991.602831841683	248.77400000000003	349.7116304347826
GEX_CDKN1A	94.0	3.401487534874601e-07	11.306304286941879	0.0013076816080461275	0.0031956469296627243	8.52552324446134e-07	4540.2215906475	41301.238067537335	131.16505	360.8743695652174
GEX_POU2AF1	19.0	7.937159344886586e-10	13.90235307836786	0.0004103675148562286	0.001326063622386656	3.6945586950603033e-09	0.7964773275000001	33.61660715170133	2.1653500000000006	9.088978260869565
GEX_LRRC8A	217.0	0.0007155831926356247	9.259032059790272	0.0033967968786856773	0.006385324901760095	0.001211225230824802	5.484450547500001	59.07707497778827	9.40795	15.170978260869562
GEX_CD40	557.0	0.17816104173901803	1.4957827627453364	0.22580580339223322	0.2529801407632183	0.20309319918354535	81.9584677875	125.99836859026468	32.01425	28.92541304347826
GEX_IDH2	292.0	0.01943487352836085	19.71545788709474	3.629627365782137e-05	0.00021502792424557814	0.027733706385361653	277.78209412749993	25898.596922314264	99.13685	238.43410869565218
GEX_GPR183	730.0	0.0001697356601942312	0.717264856531652	0.40019842997126887	0.4275343883026397	0.0003072529774812241	49821.2116167	146554.90856566542	532.9159999999999	361.5808260869566
GEX_DDX60	816.0	7.042177679749597e-07	0.38587356490953834	0.5366827143804886	0.558092929049923	1.6487972890910734e-06	26.2388072475	33.45524042013233	21.842549999999996	12.10028260869565
GEX_EHD4	20.0	8.665760685245021e-10	11.401015951101277	0.001252340844662204	0.0031244588509032017	3.89461198612736e-09	2.9647559275	708.4347053137997	8.90185	35.808652173913046
GEX_HLA-B	150.0	1.5718497499382982e-05	16.427320569720077	0.00013937890405780218	0.0005560933825163332	3.251816149343252e-05	97259.57681494001	1740945.0114106014	1279.1933999999999	2570.8270869565217
GEX_GRN	98.0	4.561061190538154e-07	10.572944908822512	0.0018325930835981041	0.004100876939787867	1.1076862891306946e-06	5925.10090705	36999.25256947259	258.1185	518.997304347826
GEX_FCER1G	541.0	0.2613546561453207	20.36239442559921	2.80606137580212e-05	0.0001880661053957635	0.28704963638432696	102195.75473912751	569964.4407008094	1931.5591499999998	1692.8761956521741
GEX_MICB	541.0	0.2613546561453207	8.375329664203912	0.005195057577540335	0.008714978207027086	0.28704963638432696	15.202147527499998	166.78953418383745	17.287150000000004	19.748891304347826
GEX_RNASE3	276.0	0.010457382018273268	4.820692166350574	0.031752318330722465	0.040308949569196374	0.01537156529753702	17.718684127499994	217.44019851417764	8.056849999999999	16.250086956521738
GEX_PLEKHB2	132.0	4.888417852146268e-06	8.084830473897119	0.005984983962556664	0.009551545834121043	1.0502040550490058e-05	35.62213508749999	158.1060676299622	40.828250000000004	55.24902173913044
GEX_BCL3	0.0	1.4430177419871108e-10	6.889855021065304	0.010829112949761703	0.015917981817130923	1.426703972297409e-09	32.9269178275	1747.3726116502835	10.466349999999998	71.05795652173913
GEX_ZFP36L2	11.0	3.904433278637691e-10	26.876871658048472	2.3683784820921387e-06	3.858483277075109e-05	1.9324473568953634e-09	8319.76638089	3843031.293037752	258.76089999999994	2367.752173913044
GEX_TXLNA	138.0	7.263952472923426e-06	5.3441626347275	0.024021836727201717	0.031731547838972536	1.543589900496228e-05	15.652403927500004	109.33715430671079	19.830350000000003	30.004673913043472
GEX_MAD2L2	339.0	0.0927037996459112	15.592247115022621	0.0001982558367198903	0.0007393835046370186	0.11017381660045981	68.6512687475	821.545325752363	43.440450000000006	56.13482608695651
GEX_PAQR7	236.0	0.0018181362353594881	5.48046425508365	0.022357277871726523	0.0297336586661397	0.0029134888033834423	2.4840186100000006	93.8957671913989	6.2242999999999995	11.980934782608694
GEX_SELPLG	202.0	0.00032710732370444247	17.521354831532168	8.843813969203891e-05	0.0004166182243323761	0.0005735379532216905	5932.4213128275005	108373.42962287192	387.13984999999997	744.7316739130433
GEX_TAGLN2	681.0	0.0020939165207727417	0.7233819651015845	0.39820764287996047	0.42657311881113574	0.0033417198351924165	118801.72992193999	96673.28275767864	1351.3175999999999	1060.1198695652174
GEX_TCF12	177.0	8.092391587835472e-05	6.234818647345222	0.015110205467220387	0.021100322634582756	0.00015359830635163445	7.02217294	35.63823208931947	14.484600000000004	19.830673913043476
GEX_ADAM17	298.0	0.02423604958347506	12.906993272265256	0.0006359838083546752	0.0018284534490196913	0.03408739347891636	4.310299089999999	79.6728905505671	13.1839	19.108717391304346
GEX_SLC15A4	177.0	8.092391587835472e-05	22.576371186493883	1.1829891380840801e-05	9.841462829593092e-05	0.00015359830635163445	7.7902149499999975	72.17801290737239	9.4405	17.945304347826088
GEX_RETN	305.0	0.031107303725273993	1.4105905142069057	0.23934759975793096	0.2666236795024245	0.04252781733070675	9497.038738190002	60537.29279221977	84.1479	159.84367391304352
GEX_MPO	105.0	7.565906496292104e-07	7.513837809755011	0.007927709514073518	0.012251914703568163	1.7608746666965552e-06	4.04491219	58.73979296644613	4.033900000000001	10.868108695652175
GEX_IL27RA	110.0	1.0799538206277306e-06	25.110634914273493	4.537007271825226e-06	5.722483365431171e-05	2.4550113015432713e-06	171.13014635999997	11987.350466487711	69.1738	203.85934782608697
GEX_GRB2	56.0	1.8028477960019494e-08	18.089807605662305	7.002495314015596e-05	0.0003422469584725123	5.3001014153140014e-08	439.64960345999987	26744.174525928636	137.6358	328.38436956521736
GEX_ZNF107	91.0	2.724341229584265e-07	7.19248105045239	0.00930309754724264	0.013990427465276432	6.91699623874966e-07	3.8275201500000002	34.31718484499055	8.968499999999999	15.909260869565216
GEX_PLCG2	10.0	3.570036951415636e-10	18.377869756645172	6.225811395560624e-05	0.00032030161258739525	1.8128369454591087e-09	2.3437139599999997	124.7903768851607	6.8152	21.43563043478261
GEX_NOD2	0.0	1.4423843782236744e-10	9.0967941283107	0.003670082466218015	0.006674429043215088	1.426703972297409e-09	4.29327081	114.26299544281665	9.003300000000001	28.881239130434782
GEX_CHST11	3.0	1.8974068173776284e-10	7.034723704193217	0.010068126927245298	0.015082902791390464	1.426703972297409e-09	6.8626937275	399.62848945226847	12.07035	41.5980652173913
GEX_BPI	299.0	0.02512900609316971	6.119319761687678	0.016034862594744858	0.02223273501611787	0.03521663577931669	0.6922725900000001	20.45058856521739	2.0971	4.51
GEX_IRF7	109.0	1.0061430462380178e-06	29.568757348325054	9.02851606180258e-07	2.353433186776539e-05	2.3005960881816664e-06	126.81249842750003	16795.888736882804	54.48785	207.76317391304352
GEX_PMS2	246.0	0.00289247642636121	4.435061703338007	0.0391358905980351	0.04936172007687653	0.004505809891263877	1.7119822275	5.167790969754253	5.927850000000001	7.654173913043478
GEX_AKAP17A	3.0	1.8974068173776284e-10	22.4976098091748	1.2193712936023283e-05	9.909348567029704e-05	1.426703972297409e-09	21.442416639999998	1871.1488075500943	28.813599999999997	111.84156521739129
GEX_SH3KBP1	0.0	1.4430177419871108e-10	8.457515923846772	0.004991996469021233	0.008486393997336096	1.426703972297409e-09	40.362203287499995	1727.1614076337426	61.89175	119.33741304347825
GEX_TMEM205	317.0	0.04678243770719884	24.273356951319798	6.205670565734632e-06	6.932620546292118e-05	0.061177033924798487	216.84243024750003	7778.179923955105	75.50045000000001	146.89284782608698
GEX_CKAP4	0.0	1.4430177419871108e-10	7.454437544454727	0.008164838137509456	0.012470514499086706	1.426703972297409e-09	48.5359581	5316.042311941873	14.294	101.89428260869569
GEX_FOLR3	438.0	0.7641895306725942	0.1267202584269327	0.7230278828724124	0.7355372048255046	0.7720881304728276	25057.484386147502	44313.56832659735	79.42204999999998	97.49247826086958
GEX_DPP7	29.0	1.8939354326914454e-09	23.09337687572143	9.704286962691794e-06	9.485940506031229e-05	7.480088426084394e-09	401.01384275999993	199096.8302236503	131.97920000000002	662.1060434782609
GEX_CD300LB	32.0	2.44943326387672e-09	12.811764026151979	0.0006634697940533683	0.0018935524779187373	9.298334040541724e-09	17.030104147499994	710.6099542306237	13.42705	44.82482608695652
GEX_LFNG	0.0	1.4430177419871108e-10	22.717133307802428	1.1207369336011103e-05	9.841462829593092e-05	1.426703972297409e-09	0.7796399875	765.2056948681477	2.88475	37.29084782608696
GEX_PCID2	393.0	0.35348185761724515	0.30750616790739693	0.5811473034942087	0.5995477458212022	0.3807476758356553	25.996200310000006	33.1837596483932	24.058300000000003	25.562217391304344
GEX_PTPN22	595.0	0.06056708172923748	6.416084534325594	0.013770956275504787	0.01950885472363178	0.07566047589818484	68.59246726	465.3292309754254	37.261799999999994	33.36173913043478
GEX_TCF3	0.0	1.4430177419871108e-10	13.849452564404311	0.0004199571555014389	0.0013459282606644479	1.426703972297409e-09	0.7584647475	204.13865091115312	3.1409500000000006	20.50095652173913
GEX_PIK3R1	319.0	0.04995383318961548	8.826873599400356	0.004176881934547678	0.007423458347309737	0.06424983150374886	50.758803947500006	4269.227709803403	25.726549999999996	65.70139130434782
GEX_STAT5B	204.0	0.00036396235627383385	13.81211980349561	0.00042686454316519224	0.00135694338518366	0.0006324856946803068	15.757628127499993	2054.071227437146	26.68735	63.38632608695654
GEX_TRAF3IP2	71.0	5.938701556416721e-08	14.049379663550129	0.00038489066363865475	0.001275358046463678	1.6352340201119283e-07	0.5589823275000001	3.1023862306238184	4.021850000000001	6.583173913043478
GEX_HLA-DRB5	417.0	0.5531870510878303	0.5187809544908231	0.4739846184137644	0.4995363498646412	0.5752556834450575	117083.4352144275	98985.28160627837	399.38635	427.7830652173913
GEX_ZAP70	0.0	1.4430177419871108e-10	22.810797998210006	1.081199336408979e-05	9.841462829593092e-05	1.426703972297409e-09	215.97066114	14434.474684476842	88.75460000000001	352.988152173913
GEX_CEBPG	39.0	4.434175791964482e-09	11.418500515381954	0.0012423939986259535	0.0031244588509032017	1.5208445040860634e-08	11.798342447500001	81.64606321739132	22.57945	36.577
GEX_SAMSN1	676.0	0.0026400112978810218	2.7107149817791476	0.10457866080658974	0.12206046679216893	0.004128977669885918	256.75469845	6671.870194232988	62.64450000000001	66.6476304347826
GEX_CARD11	190.0	0.0001697356601942312	10.17243778245209	0.002208000084669915	0.004550496611404346	0.0003072529774812241	21.39873104	1224.8710071592625	18.3264	45.54128260869567
GEX_KMT5B	556.0	0.18270051384928898	10.397915418242922	0.0019877239898286147	0.004317778222349936	0.20766250266009298	3.4332490275000014	68.3767406337429	9.53435	11.313586956521737
GEX_PTPN2	893.0	1.5939900378076361e-09	0.8248818706473214	0.36716405189343326	0.4010087829338894	6.492188591487351e-09	41.31247014	56.87952160491493	53.757600000000004	34.96978260869565
GEX_MFNG	231.0	0.0014316164223165736	22.366320637607277	1.282611258608451e-05	0.00010030020042318087	0.0023323417546907512	346.9083401474999	18742.600109724477	140.39844999999997	297.1162826086956
GEX_IL21R	14.0	5.101735481626133e-10	15.860093506141606	0.00017698092718406247	0.0006718402187278488	2.4326567967266072e-09	2.45891651	17.281255285916824	6.039699999999999	14.96958695652174
GEX_BST2	167.0	4.480867169293889e-05	7.6893633578515574	0.0072683522274466575	0.011322413230803359	8.804115895446787e-05	2111.6990795475	11333.513364640829	214.43294999999998	319.3174782608695
GEX_FOSL2	35.0	3.162449238687649e-09	10.321076403025952	0.0020600954598692647	0.004401624725731598	1.1556239741372624e-08	43.2624026875	18015.666270329395	15.450250000000002	125.20358695652172
GEX_DRAP1	101.0	5.672238359538774e-07	27.57857827873106	1.836416149387727e-06	3.590193572053006e-05	1.3523446332802808e-06	382.6109377399999	49029.411517969755	103.52059999999999	397.49717391304347
GEX_HMCES	2.0	1.7322620539453067e-10	18.894942237550442	5.0475391921156106e-05	0.00026893947623128346	1.426703972297409e-09	7.876788090000001	143.58851843714558	25.3329	60.88167391304347
GEX_TNFSF13	289.0	0.017362449522470475	33.88157455843452	2.04730886130936e-07	1.0006222059649496e-05	0.024958521188551307	31.5151508875	1788.6239304877129	27.152750000000005	64.48665217391306
GEX_LGALS1	226.0	0.0011221490258877306	27.20915458065865	2.0990272879962456e-06	3.6766440324078916e-05	0.0018670649749876708	12763.9668035275	265815.40697150334	576.5731499999999	1051.0125869565218
GEX_TRAP1	0.0	1.4430177419871108e-10	8.047365458500918	0.006095673425920396	0.009688651664775916	1.426703972297409e-09	5.8956997475	219.33766166965972	9.688550000000001	33.75193478260869
GEX_NDUFB4	916.0	2.0778997937385742e-10	8.203032334785457	0.005649365260520085	0.00912769345811303	1.4771978533668771e-09	630.8851338900001	318.2860791398866	171.0959	93.26234782608697
GEX_DDOST	131.0	4.573158542990241e-06	32.04869758177345	3.812692072394621e-07	1.4907626003062968e-05	9.879033095630853e-06	675.6782565474999	9824.24216593951	185.15695	303.7878695652174
GEX_PASK	251.0	0.003624187332804568	8.362331612302166	0.005227956675636508	0.008714978207027086	0.005492469950103046	20.029215047500003	170.69873666209827	9.649049999999999	18.993891304347823
GEX_CASP6	533.0	0.31174216562807977	8.342133730903345	0.005279512935292114	0.008746989651267868	0.3404781753088804	47.40991939000001	104.73766690548204	30.300899999999995	26.977913043478264
GEX_PICALM	590.0	0.07078114363660447	9.050474214934322	0.0037522550870931885	0.006792276569691837	0.0862162839934964	53.36230029000001	3966.1758335916825	30.968100000000003	58.232130434782626
GEX_EXOSC6	148.0	1.3846795656657777e-05	5.592876593732857	0.021076784387880913	0.028319665620829677	2.8952390918466258e-05	19.267784659999997	224.43217247826087	15.6612	29.236
GEX_DPP3	35.0	3.162449238687649e-09	24.41322488239662	5.887979222590989e-06	6.771176105979638e-05	1.1556239741372624e-08	7.191561287499999	87.30380985680529	10.94975	26.70745652173914
GEX_CSNK1G2	0.0	1.4430177419871108e-10	16.90579856407619	0.00011412862328655829	0.0004903768319235636	1.426703972297409e-09	4.001565699999999	2528.876254389413	6.245	66.88495652173913
GEX_PIK3R5	0.0	1.4430177419871108e-10	17.27663756997692	9.784732108649339e-05	0.0004363140119944036	1.426703972297409e-09	22.491789827500007	907.3560478620037	28.88485	101.5830869565217
GEX_TNFRSF13B	52.0	1.3024817576638493e-08	11.671734277477212	0.0011072028164432145	0.002931302122159067	4.074162937972521e-08	0.8070561475	15.959658380434785	2.11595	7.170500000000001
GEX_TMF1	219.0	0.0007918372209955902	15.211951832838265	0.00023312037570558496	0.0008362391458796671	0.0013231126214071614	7.591917347499998	78.10991099810964	24.83045	31.612043478260865
GEX_LEF1	38.0	4.0760476423901335e-09	8.638309052743036	0.004574008083751077	0.007939480158964389	1.4229773465844127e-08	443.99979198749986	15197.422276798205	77.74375	229.82036956521736
GEX_CTPS1	249.0	0.0033135018242498302	3.018930561684031	0.08710793478206781	0.10352341185346052	0.005120866455658828	4.81646594	15.791274037807183	9.7166	12.471304347826088
GEX_DOCK11	578.0	0.10112036250439956	9.739871029238284	0.002704882442420615	0.005341459772658891	0.11981230830066736	16.099569587500003	1611.7963776602078	24.02025	41.07623913043478
GEX_SLC39A7	1.0	1.5811897817289676e-10	14.672941386802398	0.0002937850440769786	0.0010442722930372602	1.426703972297409e-09	2.4717842275	370.4937849489603	8.088149999999999	33.179913043478265
GEX_NBN	693.0	0.0011785935825757285	5.088751142537046	0.027506959930946106	0.035263020763934186	0.0019444307628148094	29.3274057275	158.01518941635163	30.108150000000002	19.93958695652174
GEX_ZFAND2A	530.0	0.3321885725707048	2.7757910915908726	0.10058701575332683	0.11810667615480719	0.3597942711222869	309.2209244400001	174.8164263331758	56.696600000000004	51.91828260869564
GEX_RASGRP1	543.0	0.24969087708572346	10.212641851596159	0.002166933259117613	0.004550496611404346	0.2773554913082894	13.558145647499998	1170.569216769849	19.74855	34.695543478260866
GEX_CD27	304.0	0.030033362694090335	20.532425563218624	2.6235428624238836e-05	0.00018317951057281046	0.04134874934292015	826.4180541475001	31341.89051678072	116.97555000000003	267.1400434782609
GEX_MSH2	831.0	2.3473637383820718e-07	0.0627280529041928	0.8030372478279945	0.8092462987132625	6.07827299143967e-07	24.7829874875	19.358080559546316	21.61975	13.207695652173912
GEX_PTPRC	667.0	0.0039611448827745225	11.605692522166624	0.0011409131457994013	0.0029542850331626884	0.005934128924003211	5163.0806869475	67850.9890750515	615.5125500000001	407.2162391304347
GEX_CXCL10	838.0	1.3855270537788474e-07	20.35295899658555	2.816566732783322e-05	0.0001880661053957635	3.6853134559695874e-07	90.90961516	7.991233081285444	14.313199999999998	3.7583043478260882
GEX_FBXL14	328.0	0.06653762724493972	11.098780707381405	0.001438028203361997	0.003407691075845702	0.08207007019801714	1.9637921475	103.2801910685255	3.90205	10.672413043478262
GEX_LGALS8	591.0	0.0686324350779003	9.789570647909574	0.0026422910769799404	0.005244344218777445	0.0841231414277712	11.59924214	406.68207781474484	19.1534	24.71052173913044
GEX_WDR48	543.0	0.24969087708572346	7.009190502910914	0.010198048671981257	0.015219225308185768	0.2773554913082894	12.460386909999999	343.2718195047259	21.5353	27.03213043478261
GEX_TRA2A	552.0	0.20171696130101546	0.43597016154571777	0.5114434369242569	0.5346908658753594	0.22795182621010707	1107.0984799475	818.0990037655955	127.04554999999998	112.69413043478264
GEX_CALR	210.0	0.0004991594198319051	44.129109954823264	7.839256992929332e-09	1.5325747421176842e-06	0.0008485710137142387	205.57808204750003	7021.759122113422	115.47105000000002	195.53986956521737
GEX_PSMB10	315.0	0.04378219900111294	15.892019909429129	0.00017460788676494537	0.0006693302325989572	0.05763919127755946	1322.9834410899998	57778.78638371314	145.5051	391.45906521739124
GEX_CMTM7	278.0	0.01132778337150097	20.299278241814147	2.8771140175914665e-05	0.0001880661053957635	0.016588626585231758	156.67704161000003	30851.42524162761	75.6797	220.89873913043476
GEX_BAX	26.0	1.4619146347836065e-09	19.06581167216306	4.711051085475758e-05	0.00025583624644736404	6.080942789365853e-09	47.34633669	531.8913729645557	26.431100000000004	61.160760869565216
GEX_PTK2B	9.0	3.2636587761371264e-10	11.027698153616603	0.0014857282885238725	0.0034373950343954685	1.748069289684406e-09	38.42855991	1155.5791042632322	32.305699999999995	76.19167391304347
GEX_SLC1A4	23.0	1.1260650271192658e-09	10.847953397172551	0.001613845762874383	0.003711845254611081	4.8940699701712656e-09	0.30001548999999994	6.124337958884689	2.2070999999999996	5.889673913043477
GEX_FCGR2A	817.0	6.55346886509038e-07	3.923896774069054	0.05190521185770491	0.06422448682393234	1.5436182688255053e-06	910.6562251275003	426.1342760396975	109.32215000000001	62.55078260869565
GEX_CD40LG	729.0	0.00017945550779924864	5.766072405846636	0.019254077300376427	0.026271011598478878	0.0003218674474747991	473.65219632750006	177.39134981332703	66.25434999999999	44.954543478260874
GEX_ETS1	367.0	0.19683274538659423	9.459815824767448	0.0030877402512044113	0.005918168814808455	0.22307711143814013	42.323003549999996	53788.307242759925	25.966500000000003	184.02739130434787
GEX_LYL1	103.0	6.55346886509038e-07	15.241615850815965	0.0002301850851609344	0.0008333552620178274	1.5436182688255053e-06	32.40811774000001	2359.336781037807	12.9494	58.35330434782609
GEX_GNL3L	1.0	1.580498723031815e-10	36.82664469910637	7.734355951324815e-08	6.048266353936006e-06	1.426703972297409e-09	2.7766700875000003	1682.1042946805294	13.017249999999999	75.36043478260869
GEX_MEF2C	596.0	0.05867837109551313	0.0968195120671612	0.7566915105650907	0.7664932140698199	0.07353603557162063	21.371653287500003	24.082676844990548	19.613750000000003	16.839739130434783
GEX_BAK1	58.0	2.1186490686261656e-08	22.676355325118056	1.1384144415215477e-05	9.841462829593092e-05	6.136235450613561e-08	57.16235572749999	551.8594467750472	30.379649999999998	66.70491304347827
GEX_MCM7	165.0	3.972382892986663e-05	6.420870781067395	0.013737341789069992	0.01950885472363178	7.92449852631523e-05	110.5126122275	433.74667379206056	35.26535	55.90334782608696
GEX_RNF115	248.0	0.0031674364053889915	24.840634885839123	5.017359758484233e-06	6.130586454897921e-05	0.004914554105186888	1.3506287275	30.518390255198486	10.490149999999998	14.943304347826086
GEX_EIF4H	328.0	0.06653762724493972	0.7102488588073471	0.40249981546334157	0.4288213292811078	0.08207007019801714	1504.2439264475001	4127.830457890831	223.13155	255.40002173913038
GEX_PTPRJ	560.0	0.16504662190280972	9.712245664505778	0.0027403411502928345	0.005384288390776373	0.18924700634603694	4.5150349274999995	477.8721531554822	9.888349999999999	21.23741304347826
GEX_PELI1	413.0	0.5164662864189402	5.496175574966882	0.022173444896996297	0.029589818958107687	0.5399420267107102	790.9867407475001	5324.311559302459	60.653949999999995	92.1319565217391
GEX_SNX6	913.0	2.725968123054233e-10	0.6897752663152183	0.4093284110425168	0.43491143673267413	1.6149296001730383e-09	101.6869774875	130.22065358081284	76.61725000000001	36.44336956521739
GEX_SMC1A	20.0	8.665760685245021e-10	17.379690403466387	9.376458251471668e-05	0.00042801568500886014	3.89461198612736e-09	4.5630891275000005	125.49311198913043	11.64885	26.9285
GEX_MLH1	670.5	0.0033884783770557706	2.733831127058678	0.10314080480286376	0.12074267867640638	0.005216122226097663	14.642035759999999	36.81824142722117	25.0672	20.800913043478264
GEX_SLC25A5	920.0	1.4430177419871108e-10	0.7639574156378787	0.3853609373092457	0.4173853919332827	1.426703972297409e-09	6584.9056239474985	5319.977933463138	636.91445	351.21156521739124
GEX_RBPJ	602.0	0.04834629653828626	7.491890700854713	0.008014469072062134	0.012317117027995815	0.062594046180364	12.43053824	343.00105101323254	22.618399999999998	25.25882608695653
GEX_ARRB1	1.0	1.5811897817289676e-10	10.176735406470545	0.002203571743522257	0.004550496611404346	1.426703972297409e-09	4.268396560000001	128.93167385869566	11.0442	29.819499999999998
GEX_BST1	306.0	0.03221403676968777	4.032326071356677	0.048861095884644094	0.06064980473300267	0.04388741594755373	294.13358744749996	4613.4175710396985	70.06054999999999	101.29021739130434
GEX_B4GALT1	43.0	6.198451671342265e-09	9.520525156479177	0.003000191975902369	0.005838591055084407	2.0029707466899388e-08	116.2073637875	657.3307167547259	59.62375000000001	102.7016304347826
GEX_CD180	353.0	0.13728807533422616	0.266214586221129	0.6076604549639919	0.6236095482701334	0.16023772374830575	67.7880892275	71.30110467863895	10.205850000000002	12.735869565217392
GEX_TFRC	447.0	0.8615439063556871	8.40226723831135	0.005127565073915221	0.008641715275434704	0.8682053283120456	11.0139349475	789.2165908568049	14.00145	29.522456521739127
GEX_DCLRE1C	690.0	0.0013640481091261262	0.7754689508520207	0.38182546304611154	0.4148215334244592	0.002231559877273286	18.7319486475	12.330041958884692	18.23395	14.19167391304348
GEX_IRF2BP2	169.0	5.050683448063111e-05	5.635539752389008	0.020611411421664557	0.027886027217546166	9.874086140963382e-05	121.53922026000001	932.2438970756142	32.5192	59.57747826086954
GEX_FCRL3	241.0	0.0022985503709412537	6.563475037145861	0.012774545513736761	0.018499434429152126	0.0036239241735404443	58.7786595475	202.44104854867672	24.37855	35.83619565217392
GEX_TBC1D10C	53.0	1.413162038744913e-08	23.577919068860727	8.069959462959329e-06	8.090651666710507e-05	4.3852885488036583e-08	928.8547136499999	123409.73748063704	141.5685	576.1575652173913
GEX_MT2A	861.0	2.2960725459558934e-08	0.002404800604780023	0.9610411212144055	0.9610411212144055	6.601208569623194e-08	1065.1642851400002	1287.5686575935727	155.8764	78.6825652173913
GEX_TNFRSF21	162.0	3.31115026125645e-05	3.664431780881424	0.06005862409281312	0.07384566673047148	6.639280780262934e-05	3.0202974875	12.052342258979207	2.7192499999999997	5.9129565217391304
GEX_STAT6	0.0	1.4430177419871108e-10	14.088614496921476	0.0003783735623837987	0.0012673159904224539	1.426703972297409e-09	53.0200274275	2329.33308325	45.989349999999995	139.82850000000002
GEX_GPX1	336.0	0.08485912095236968	9.437920012124163	0.00311996728099083	0.005950766862767875	0.10177888433244338	49156.27233244749	443082.5001100813	918.12795	1229.829304347826
GEX_LTB4R	3.0	1.8974068173776284e-10	3.058526907253331	0.08510900222493188	0.10145615814008647	1.426703972297409e-09	13.811551909999997	1124.525604448015	15.117700000000003	49.79217391304348
GEX_ALOX5AP	627.0	0.02017216040566224	11.56050172279378	0.0011645945199837062	0.0029957661665370337	0.028681144431323406	1280.9775664274998	5432.345507887051	272.91134999999997	221.9769347826087
GEX_TBC1D8	5.0	2.2751290147510583e-10	9.915973816239124	0.002489817933675469	0.0050181382065314865	1.560658675030989e-09	4.58036274	70.17597935775045	7.1334	21.758108695652176
GEX_ITGA4	158.0	2.5907033787618903e-05	13.073605150445225	0.0005907044999390263	0.0017365824020763856	5.248523425367353e-05	119.59998694749997	1596.142307335066	81.79155	120.70654347826085
GEX_RAB24	288.0	0.01671607677476864	27.12674289380862	2.162731783769348e-06	3.6766440324078916e-05	0.024118029590164347	29.854225587500004	6237.220770662098	26.746250000000003	114.57489130434784
GEX_HIST1H2BG	731.0	0.0001605126187320624	0.7751169804752427	0.38193286964911843	0.4148215334244592	0.00029464992452693143	58.08881070999998	35.45735390548204	14.469699999999998	7.988913043478261
GEX_NUDCD2	824.0	3.940316320411194e-07	1.7388835102528488	0.19197975539463874	0.21570139183707973	9.75103595747327e-07	11.281673847499999	16.048008954631374	21.37445	14.854043478260873
GEX_KLF12	499.0	0.5911431117705591	9.135870232055861	0.0036022241119408964	0.006612533463703711	0.611473430429335	6.69457974	283.4874425940454	14.013400000000004	21.732282608695655
GEX_VCP	0.0	1.4430177419871108e-10	8.263236542317138	0.0054860637927256544	0.008937712262315545	1.426703972297409e-09	54.4773543475	4006.162675803402	60.720949999999995	160.1656086956522
GEX_CARD9	36.0	3.442267277652642e-09	8.412928811398286	0.005101106640563932	0.008634340677318171	1.2347949592313604e-08	5.055449210000001	188.94487706852547	8.094700000000001	26.838413043478255
GEX_XBP1	314.0	0.04234406200764267	16.060816773667025	0.0001625983439507069	0.000635759524847264	0.056123824559282325	2355.3442937499995	172247.05879592107	314.4915	586.3407608695652
GEX_ITM2A	822.0	4.561061190538154e-07	6.935713264322984	0.010581873563498361	0.015672396073211588	1.1076862891306946e-06	3231.43266566	1191.6206094914935	203.39520000000002	116.3801739130435
GEX_PEX6	71.0	5.938701556416721e-08	10.334486240307227	0.002047270068811424	0.004398256026952015	1.6352340201119283e-07	15.609432590000003	129.70339476606804	8.300099999999999	24.304804347826092
GEX_TCN1	686.0	0.0016532686134493944	1.068782298038274	0.3051114356576496	0.3360523136398338	0.002671190197763278	235.30344119	55.115168563799614	18.953899999999997	10.561152173913044
GEX_LLGL2	62.0	2.9192537833431617e-08	17.626097580421362	8.470213380698157e-05	0.0004038845648601194	8.271219052805624e-08	4.05451016	54.969476868147446	6.1518	15.982847826086957
GEX_PAX5	0.0	1.4430177419871108e-10	11.381379836763685	0.0012636105975878137	0.0031270363522584504	1.426703972297409e-09	0.6134753400000001	131.74249534404532	1.6436	13.37278260869565
GEX_ARPC4	330.0	0.07078114363660447	22.927821861247217	1.0338194721318229e-05	9.841462829593092e-05	0.0862162839934964	630.0527403274999	16826.670413629487	134.97215	208.51039130434785
GEX_IGSF6	902.0	7.268434880977378e-10	6.348934219412957	0.014251835722626647	0.02003252032744789	3.4240458294724757e-09	992.7800484475001	315.3844912159735	114.47455000000002	44.45615217391305
GEX_CHTF8	50.0	1.1058189977706812e-08	19.197376293591596	4.4678395043456736e-05	0.00024604580932382515	3.486897001034971e-08	45.73376826	25656.642845230628	39.209199999999996	209.35182608695658
GEX_TNFAIP3	210.0	0.0004990917065542254	10.288815999264914	0.002091294294652601	0.004444000376136777	0.0008485710137142387	4033.2027552474997	105152.5419030099	95.18945	340.31189130434785
GEX_NDST1	55.0	1.6625918991634206e-08	8.543563633838675	0.004788280628553793	0.008247655179579441	5.000564865945365e-08	2.3321471899999997	23.25606980387523	5.062900000000001	11.319978260869563
GEX_SPARC	562.0	0.15671623031619786	3.365825029129598	0.07121082301572453	0.0856720978435332	0.1812900770817555	1597.4392121600004	3808.467426939508	109.45120000000001	102.82713043478262
GEX_LAT2	180.0	9.627651844968829e-05	27.15441884022301	2.1411183133252873e-06	3.6766440324078916e-05	0.00018098133997032748	273.3814330475	2972.636831926276	79.55645	135.37517391304348
GEX_PSMD3	7.0	2.725968123054233e-10	8.164217681935966	0.00575734339177564	0.009263873523392079	1.6149296001730383e-09	8.6114796275	271.08533212854445	21.46365	45.740956521739136
GEX_MAF1	147.0	1.2992621854854689e-05	19.915753447250513	3.3508229023849356e-05	0.0002079637706083349	2.731244701746335e-05	283.46628625	158233.22811227644	129.3035	509.3386304347827
GEX_FBXO8	692.0	0.0012376516374409767	1.3479705674367053	0.24994541609886117	0.27763823208708727	0.0020332848329387473	11.903578210000001	26.535333987240076	12.155299999999999	8.359543478260866
GEX_C6orf62	889.0	2.248612603858777e-09	8.494148193628062	0.00490418267705698	0.00841024309968982	8.792075281087818e-09	915.3726337474997	1838.9798647225891	171.76105	76.92419565217392
GEX_SLC39A6	612.0	0.034529006345780475	11.500504186033405	0.0011968282162779155	0.0030585609971546727	0.04671571446782064	9.62955664	129.17156262192816	25.668599999999998	23.90482608695652
GEX_TNFRSF1B	3.0	1.8974068173776284e-10	14.42727381125001	0.00032666526227878535	0.0011404117638482596	1.426703972297409e-09	1318.3030670475	141702.45275543715	155.79805000000002	691.9413260869566
GEX_DLL1	47.0	8.638434873317895e-09	10.481435343922149	0.0019120589817017996	0.004194662868834142	2.7685475700551617e-08	0.3348128275	5.1318312381852556	0.8473499999999999	3.9313913043478266
GEX_SLC39A10	548.0	0.22213743891354942	7.55830253990142	0.007754946326479734	0.012032476244657048	0.2503047222339995	4.1995415475	43.838599225425334	11.51595	12.380760869565217
GEX_H2AFJ	208.0	0.0004496046067874694	18.299090554355676	6.428916544312655e-05	0.0003264553725748374	0.0007710324616399145	13.620411939999997	202.5253598393195	27.2204	40.02717391304348
GEX_AMMECR1	129.0	4.000074041290955e-06	8.889064142426667	0.004053958636561215	0.007237889620527101	8.689049723026463e-06	0.51503521	13.792659069943289	5.8563	9.04786956521739
GEX_HHEX	167.0	4.480867169293889e-05	11.045577900640692	0.0014735769887697947	0.0034295750155297006	8.804115895446787e-05	93.16277129000001	6165.136208977787	40.2689	105.49002173913041
GEX_ARRB2	0.0	1.4430177419871108e-10	8.631503137933553	0.004589060143033125	0.007939480158964389	1.426703972297409e-09	228.6936412600001	6411.278222994329	99.9862	317.62969565217395
GEX_AKIRIN2	100.0	5.275618917564056e-07	7.747175159465774	0.007064005367503244	0.011092474291942845	1.2655012250107642e-06	123.73936401000003	3916.2781902306237	72.51169999999999	128.3951739130435
GEX_MMP8	301.5	0.027485340152007553	2.417640438359421	0.12490708894575911	0.14449311176861482	0.03824472597663684	2.43478034	30.853025748582226	1.3956000000000002	3.7073478260869557
GEX_RNF168	605.0	0.04378219900111294	9.995721170079056	0.0023983725036083024	0.004858879009900757	0.05763919127755946	22.027844560000002	177.17428876748585	27.120200000000004	23.400565217391307
GEX_SPI1	1.0	1.5811897817289676e-10	7.310602297113705	0.008770455227899673	0.013291658891894466	1.426703972297409e-09	928.9640772274997	189883.071843785	129.98885	584.1823260869566
GEX_ZBTB1	498.0	0.6008159347257662	8.250765572437121	0.005519479822132073	0.008954840707276517	0.6198391305482179	126.93006924000001	1800.068787219754	42.32540000000001	56.45732608695652
GEX_TP53	23.0	1.1265122693488846e-09	10.160661670719428	0.002220182014902477	0.004550496611404346	4.8940699701712656e-09	6.542090527499998	60.11148722731569	10.119650000000002	23.210108695652174
GEX_RPS26	747.0	6.402628481009933e-05	1.0307166856198315	0.31381319287255605	0.3437001636223233	0.00012332156335344256	52404.042591327496	52763.94331655388	528.5616499999999	281.45047826086955
GEX_DOCK10	179.0	9.087679953363755e-05	18.22520206241132	6.625651162628616e-05	0.00033213200058817806	0.00017165617689687094	18.186076347500002	585.5345842046313	28.035450000000004	49.98954347826088
GEX_TPI1	359.0	0.16084068158964016	28.060742410000742	1.543817109577384e-06	3.353513832470873e-05	0.18496678382808618	3840.3650687399995	42267.917631132805	436.64540000000005	525.6976739130436
GEX_GAPT	879.0	5.244606477942418e-09	2.9286052641077447	0.09186552819525506	0.1085178898016457	1.7526847289534062e-08	254.50916898749998	73.86695003969756	41.903749999999995	16.46278260869565
GEX_PDHA1	302.0	0.02798079228459244	0.3890198640122122	0.5350318214640759	0.5578598458465431	0.038796063061261155	17.966989310000006	30.55288918194707	26.350699999999996	28.784760869565215
GEX_INPP5D	0.0	1.4430177419871108e-10	13.176402844934316	0.0005644505613190346	0.0016847341181354394	1.426703972297409e-09	51.25536351000001	300.49264875803397	52.2077	103.28173913043479
GEX_AIFM1	240.0	0.0021940477108776837	5.568316565272259	0.021349738849599665	0.02858817770614202	0.003473168643535119	6.933957727500003	26.81187188846881	16.473350000000003	20.193260869565215
GEX_USB1	6.0	2.490604399910943e-10	13.349101682635709	0.0005230389065368915	0.0015965404659424552	1.5706876134922236e-09	4.2952843000000005	56.353967853024585	9.178	24.243195652173917
GEX_SUPT6H	27.0	1.5939900378076361e-09	10.541279812773498	0.0018596937777691765	0.004130246051194465	6.492188591487351e-09	1.2078486275	397.76750669376173	5.22215	22.34404347826087
GEX_SP3	253.0	0.0039611448827745225	11.077613737418961	0.0014520632370597119	0.003420221239098478	0.005934128924003211	15.667522847500004	555.0633945297733	23.967950000000002	40.399239130434786
GEX_CD38	250.0	0.003465677225954596	5.279262374260402	0.024860335756269933	0.032618762686917935	0.005272684028592402	7.692892189999999	47.42325865028354	9.297099999999999	13.970956521739133
GEX_ANXA11	0.0	1.4430177419871108e-10	15.298195046957186	0.00022469230587794442	0.0008210718840960399	1.426703972297409e-09	25.03584996	5154.159904491492	41.706199999999995	138.99982608695652
GEX_JAK3	1.0	1.5811897817289676e-10	14.449203457446146	0.00032358076353440754	0.001139820527404985	1.426703972297409e-09	62.32992756	540.3125081327977	29.108799999999995	91.37332608695654
GEX_RIPK1	20.0	8.665760685245021e-10	19.416849634171495	4.090637234712061e-05	0.00023180277663368344	3.89461198612736e-09	5.454139147499999	215.1457191568998	14.941550000000001	34.625130434782605
GEX_HSPA6	190.0	0.0001697356601942312	9.852756846823434	0.0025648907175706164	0.0051429347208723645	0.0003072529774812241	46.266654527499995	159.40121424243856	11.866150000000001	24.332413043478258
GEX_FUS	2.0	1.7322620539453067e-10	23.6879400939581	7.74025389749737e-06	7.964313878740715e-05	1.426703972297409e-09	19.18008296	4047.4393043747646	27.2568	106.10619565217388
GEX_FCHSD2	7.0	2.725968123054233e-10	18.853048891823516	5.1337750089160285e-05	0.00026893947623128346	1.6149296001730383e-09	10.081986687500002	198.79465070368616	21.000249999999998	47.77923913043477
GEX_HDAC4	6.0	2.490604399910943e-10	10.158065703245413	0.002222876861325397	0.004550496611404346	1.5706876134922236e-09	0.6748962900000002	7.252859472589794	3.6120999999999994	9.165304347826085
GEX_MVP	0.0	1.4430177419871108e-10	18.84108287810097	5.1586856054594016e-05	0.00026893947623128346	1.426703972297409e-09	22.359975347500004	469.1158658530245	35.23445	100.6628043478261
GEX_TNFRSF1A	80.0	1.1897573055780598e-07	5.184616743452217	0.026139500953983583	0.034016248344730673	3.230521572784871e-07	153.0721656275	6012.803163487713	32.77865	97.30065217391304
GEX_FCRL1	373.0	0.227466239086207	6.943832542005575	0.010538722684473936	0.01566783486551068	0.25411228423630555	95.49237774000001	3639.7164352173904	24.964599999999997	56.40100000000001
GEX_PRSS23	287.0	0.016089821346539815	5.253285777130971	0.025204636664588685	0.032959909484462126	0.023300444987026176	16.6727863875	67.970466389414	7.151750000000002	12.20195652173913
GEX_BANK1	620.0	0.026050303881609567	1.9667528427746908	0.1656250989663314	0.18825410958091737	0.03637738863467622	113.0729197275	298.33805215879016	31.39765	26.0005652173913
GEX_TCIRG1	0.0	1.4430177419871108e-10	22.30486958959254	1.3133675003381531e-05	0.0001006915083592584	1.426703972297409e-09	249.88102090000007	51475.14421383413	98.273	480.68876086956533
GEX_SWAP70	96.0	3.940316320411194e-07	5.377365618305033	0.023604551870199372	0.031286033156772725	9.75103595747327e-07	30.87269086	120.78406188516067	17.8898	31.925630434782608
GEX_CTSG	345.0	0.11013469477217933	1.1239261471267636	0.2930592352003188	0.32368972023538034	0.13009868778224204	38.6005272275	131.61952634593578	5.681649999999999	9.709043478260869
GEX_DDAH2	28.0	1.7376673936204221e-09	37.50535412324543	6.206743988603758e-08	6.048266353936006e-06	7.0044118650060315e-09	26.107416187499997	1059.1318712462191	22.82075	70.35328260869565
GEX_BTK	504.0	0.5438881299880969	8.358418996117942	0.0052379025029446686	0.008714978207027086	0.5670940235342558	88.65844464749999	531.8910125070889	44.442449999999994	46.720282608695655
GEX_CASP3	573.0	0.11648898272511977	5.725205946283255	0.019668521591061465	0.026702749798975807	0.1371903380889212	60.96064884	302.2182530704158	30.389400000000002	28.70780434782608
GEX_DUSP3	56.0	1.8028477960019494e-08	8.664710538764185	0.004516105532639634	0.00788302349670579	5.3001014153140014e-08	21.06297196	93.44948189035914	18.5548	34.253391304347815
GEX_SPTBN1	582.5	0.0887082719581473	8.81165832912032	0.0042075455064918745	0.007444118973024086	0.10607013558298348	8.550143747499998	482.49822905151234	12.11605	21.388239130434783
GEX_KMT5C	0.0	1.4430177419871108e-10	8.93106236303087	0.003973092104082756	0.007126050516955769	1.426703972297409e-09	0.14431731	29.697138931947066	1.2436999999999998	10.729260869565218
GEX_ITFG2	109.0	1.0061430462380178e-06	44.19813638997575	7.67748076428192e-09	1.5325747421176842e-06	2.3005960881816664e-06	10.89610309	173.29322291115312	24.0841	41.50604347826086
GEX_CD24	564.0	0.1487086131347963	0.022669467597154738	0.8807933314561499	0.8853218318749476	0.17305079683245642	33.617875860000005	30.76981585444234	9.072199999999999	7.673565217391305
GEX_DDB1	9.0	3.2636587761371264e-10	13.04633686949528	0.0005978793874830369	0.0017445585112378166	1.748069289684406e-09	2.4835861874999994	30.954107244328924	11.443249999999999	29.580195652173916
GEX_TMLHE	659.0	0.00561221304689077	0.4606008173646027	0.4997901563863406	0.5239087162119549	0.008280661514469023	6.60834735	8.014215393667296	13.761500000000002	11.574326086956521
GEX_VAV1	0.0	1.4430177419871108e-10	15.588688879393295	0.00019855567260073392	0.0007393835046370186	1.426703972297409e-09	12.4874520475	633.493382867675	19.951050000000002	70.72404347826087
GEX_CD101	541.0	0.26134967828712397	1.962113102793307	0.16611755622136967	0.1882665637175523	0.28704963638432696	19.333183927500002	54.27438421597354	13.17135	12.384152173913044
GEX_GCLM	175.0	7.200766146799307e-05	11.312697741343268	0.001303866917401932	0.0031956469296627243	0.00013801468448032005	1.9212783275	130.17727662759927	5.36965	14.08626086956522
GEX_CLCF1	23.0	1.1265122693488846e-09	8.46429342312129	0.004975626336550366	0.008486393997336096	4.8940699701712656e-09	5.5323939475	49.72804834026466	5.776050000000001	16.373086956521735
GEX_PTGS2	464.0	0.9610511335568432	7.691394577518771	0.007261068270083041	0.011322413230803359	0.9610511335568432	123.34954618999996	6740.146898565215	19.156100000000002	64.714
GEX_CD74	99.0	4.905808181577006e-07	23.810560061196988	7.389153593184277e-06	7.808537986310952e-05	1.1840561722201291e-06	269896.45004184	4277266.413950325	2284.4846000000002	4742.6349782608695
GEX_PIK3CD	0.0	1.4430177419871108e-10	16.548693110571467	0.00013247033450297898	0.0005395406332360915	1.426703972297409e-09	62.45425962750001	1553.4997128511345	36.17935	142.61358695652174
GEX_CYLD	547.0	0.227466239086207	8.11231244756216	0.00590513047813673	0.009462729577669924	0.25411228423630555	33.3181683275	2646.414368070416	32.57365	58.06880434782611
GEX_PHF14	680.0	0.0021940477108776837	1.0546215919047441	0.30831088576798243	0.33862234925640766	0.003473168643535119	4.84063984	6.050572635633269	10.707600000000001	8.431195652173912
GEX_ZBTB7A	0.0	1.4430177419871108e-10	12.928025526748288	0.0006300744326706329	0.0018248822457349442	1.426703972297409e-09	1.6657517599999998	94.6384228223062	3.6988	22.18621739130435
GEX_CD81	29.0	1.8939354326914454e-09	17.800907887118186	7.882680538128791e-05	0.00038050964079115523	7.480088426084394e-09	1.41527981	211.90092833128546	3.3903000000000008	18.432195652173917
GEX_PPP2R3C	920.0	1.4430177419871108e-10	0.637625035858364	0.42752538187789135	0.4530147000386328	1.426703972297409e-09	37.6626129875	20.377023215973537	35.56325	13.617847826086955
GEX_LAX1	173.0	6.402628481009933e-05	2.050893413475767	0.1569829849874481	0.17947469921079592	0.00012332156335344256	14.302801140000003	30.959204703686197	15.583400000000001	21.707760869565217
GEX_MOCS2	411.0	0.49859150082374637	0.7373220070304752	0.3937247321024019	0.42451656511750163	0.5226522166811925	6.00437524	9.769987325614364	12.9816	13.486021739130436
GEX_MPG	319.0	0.04995383318961548	20.56681360635788	2.588147756912503e-05	0.00018317951057281046	0.06424983150374886	84.2325508475	10485.259689890832	50.826950000000004	139.19502173913045
GEX_CASP8	318.0	0.04834629653828626	7.3025720961885705	0.008805628974317201	0.013293439880146817	0.062594046180364	163.95176334750002	2567.7581113993383	61.618550000000006	89.67923913043477
GEX_TNFRSF13C	162.0	3.31115026125645e-05	5.326224337355028	0.024250541199874392	0.0319257966638077	6.639280780262934e-05	121.90726596000002	2969.4150412873346	27.6068	65.66713043478259
GEX_RDH11	470.0	0.8945485096724264	7.4872598804888115	0.008032902409562488	0.012317117027995815	0.8968422237997916	92.72640632750002	197.7390842741021	41.56765	40.087826086956525
GEX_SLC20A1	70.0	5.492262968085082e-08	8.291346573554092	0.005411517994482343	0.008890350990935277	1.5339105860866194e-07	38.16333261000001	234.56879687901701	30.718699999999995	51.25634782608697
GEX_TULP4	436.0	0.7429954066915374	7.779240133103702	0.006953274555599759	0.010962622384030264	0.7545745558867303	0.7735420399999999	3.78647456521739	4.8204	5.3180000000000005
GEX_LCP2	40.0	4.82285408106161e-09	11.831099281139917	0.0010300561007058407	0.002758574899835505	1.6256344359440427e-08	37.91540618749998	684.860817236295	47.46375	80.3487391304348
GEX_CFLAR	6.0	2.490604399910943e-10	19.76388194771339	3.5600935375796564e-05	0.00021502792424557814	1.5706876134922236e-09	3.26385515	142.48287602126652	17.2575	35.98997826086956
GEX_RC3H1	155.5	2.2181369399317507e-05	2.4785469102011626	0.12033969446075454	0.13962261286099414	4.540793421535678e-05	8.411641990000001	21.382805249527408	12.9689	17.991521739130434
GEX_UQCRC2	807.0	1.3339870171943594e-06	9.165934550203788	0.003550908840168038	0.00654908187030992	3.014964877011529e-06	70.94604592750001	366.97483651795847	90.57865000000001	65.56521739130434
GEX_CD79A	60.0	2.487882870156336e-08	9.478704437143678	0.0030602187347900356	0.00589431293252662	7.100454030884141e-08	1728.1611175874998	23394.328500002364	127.36974999999998	322.8713260869566
GEX_EGR1	205.0	0.0003838130731431598	8.265055546782099	0.0054812075075585664	0.008937712262315545	0.0006611053374404207	5081.309417660001	54408.24998668431	89.7128	262.7845217391304
GEX_GNA15	10.0	3.570036951415636e-10	19.590430600695964	3.815734903910977e-05	0.0002226794548401779	1.8128369454591087e-09	17.875299247500003	762.9258519645558	15.343550000000002	58.014239130434774
GEX_TNFSF10	831.0	2.3473637383820718e-07	29.076515036593246	1.0745106596177647e-06	2.6258354244409124e-05	6.07827299143967e-07	3817.2696008275	488.74585702693776	139.93715000000003	55.120804347826095
GEX_ENTPD4	199.0	0.0002783181617191999	10.472152021809274	0.0019203188069598755	0.004194662868834142	0.0004924090553493536	12.3100881275	1891.1941320590738	20.62165	53.52063043478261
GEX_PKN1	0.0	1.4430177419871108e-10	9.412640439830446	0.003157612166171369	0.005993331829966046	1.426703972297409e-09	21.109116599999993	3911.042096815217	24.961	148.98850000000002
GEX_ZNF148	584.0	0.08485912095236968	5.181239580676315	0.02618642136001006	0.034016248344730673	0.10177888433244338	4.40486929	32.67124275236295	14.614900000000002	14.555173913043479
GEX_EXOSC3	373.0	0.227466239086207	5.030786819784597	0.02837066033802472	0.03625139932080936	0.25411228423630555	34.65982881	88.04561917202268	16.3923	20.15695652173913
GEX_LAPTM5	39.0	4.434175791964482e-09	16.772010259049683	0.00012067081092828825	0.000501939224180433	1.5208445040860634e-08	10749.898986187496	103132.58885355765	872.70675	1474.0520869565219
GEX_MSH6	58.0	2.1186490686261656e-08	16.22041029645268	0.00015203022828470873	0.0006004426187810213	6.136235450613561e-08	1.2104439400000002	7.31252168289225	6.046600000000001	10.424543478260869
GEX_PRKCB	25.0	1.340527959678309e-09	8.951015560676797	0.003935265702928241	0.007090732211267015	5.635983142303428e-09	88.22645274999999	1728.9556131436675	30.1055	90.35082608695654
GEX_PAPSS2	297.0	0.023370730981217662	13.536775974086932	0.0004815960754591322	0.0014944767103533389	0.03298901015760327	1.3462056600000003	6.279646035916825	5.133799999999999	6.59491304347826
GEX_RABL3	426.0	0.6402018613779068	2.3514913094338117	0.13009206999958514	0.1500471957812324	0.6570050598392692	5.918995247500002	10.26339541020794	14.630450000000002	15.270739130434784
GEX_IRF8	9.0	3.2636587761371264e-10	29.674697886069332	8.697684883578731e-07	2.353433186776539e-05	1.748069289684406e-09	140.62448092750003	9744.092042389413	72.08165	225.60204347826087
GEX_HPS3	54.0	1.5329569652239087e-08	4.4183178406121515	0.03949568226435464	0.04965534329698606	4.6827044797074084e-08	6.2296853275	152.51922645368617	17.75785	30.058260869565213
GEX_ZCCHC6	495.0	0.6302540408418683	8.711339864970412	0.004415706696740621	0.0077423377507873665	0.6484982367609751	38.249556749999996	321.9823483137996	31.983500000000003	35.81065217391304
GEX_DDIT3	430.0	0.6806284922090096	0.27589485422861626	0.6012196334103842	0.6186233596406848	0.6948452753360908	885.4925777474998	1020.8335072136106	57.92645	61.33978260869566
GEX_DEFA4	520.0	0.4064326909839001	0.20701965940511105	0.6506531823518027	0.6659827075904577	0.43183473417039386	687.29560121	1361.5882194782607	23.752699999999997	25.214999999999993
GEX_DCAF5	12.0	4.2693389605540866e-10	16.857883386467318	0.00011642834685072553	0.0004948204741155835	2.08663941697081e-09	7.979075589999998	164.24583047448013	20.3179	42.461217391304345
GEX_EP300	166.0	4.219363652505943e-05	11.136241113248387	0.001413534811499306	0.003406552337535764	8.374473036191998e-05	3.701016547499999	492.174943852552	8.976549999999998	26.44386956521739
GEX_ATG4B	2.0	1.7322620539453067e-10	10.626123871345662	0.001788002007642789	0.004041091242707113	1.426703972297409e-09	6.473356347499999	46.004178476370505	17.69445	37.33895652173913
GEX_FAM107B	200.0	0.0002937679493501088	13.652131791155012	0.00045782897218295965	0.0014320890249882978	0.000517402108990507	53.78190241000001	2043.9682933690926	43.7343	81.37902173913044
GEX_AK2	333.0	0.07756026607021307	3.1201694992393283	0.08209736957075726	0.09816535627573729	0.09388874313762635	62.280129290000005	146.52967754820415	55.20890000000001	59.57086956521738
GEX_CD79B	320.0	0.051605945904187205	8.760312036894916	0.004312774888788322	0.007595923340163215	0.06594093087757254	4486.3272196475	34581.84512449906	167.68495	265.9606086956521
GEX_GNG8	773.0	1.2992621854854689e-05	3.447594796742129	0.06794727336377164	0.08225196249298672	2.731244701746335e-05	72.48028684750001	34.19653169801513	21.729449999999996	11.727673913043477
GEX_SLC27A3	36.0	3.442267277652642e-09	12.035500920121176	0.0009392130247639738	0.002568057990788208	1.2347949592313604e-08	8.486578347499998	1018.3625437712668	12.048449999999999	48.81047826086956
GEX_CD22	37.0	3.746132621992587e-09	11.107446892809934	0.0014323228102660925	0.003407691075845702	1.3315798683628195e-08	42.61538831	514.2258027334593	17.495299999999997	49.307695652173926
GEX_NUP93	32.0	2.44943326387672e-09	3.5927522222792545	0.06254973226451113	0.07642795411069954	9.298334040541724e-09	2.53136469	7.638920289224953	9.8399	16.521565217391302
GEX_BCL6	0.0	1.4430177419871108e-10	12.517851343941908	0.0007563577413715614	0.0021082655252917925	1.426703972297409e-09	19.71392959	1129.9252546413045	16.6509	82.7035
GEX_IGLL5	227.0	0.0011785935825757285	20.11701254103957	3.092938693311637e-05	0.00019505468211045967	0.0019444307628148094	57.31428014750001	1262.8316014125712	18.384050000000006	50.33902173913044
GEX_MS4A1	521.0	0.3985909578272332	2.9296748370386854	0.09180753090394586	0.1085178898016457	0.42465685152710675	3283.7886095100002	6464.2088844069	167.13469999999998	160.45336956521737
GEX_CD19	81.0	1.2840375005660616e-07	6.8217476911402155	0.011207600646627812	0.016290601683388382	3.438757963844727e-07	139.93621609000002	2583.0353999413987	28.056099999999997	82.0215652173913
GEX_ABL1	43.0	6.198451671342265e-09	13.789442741151355	0.0004311177953660564	0.0013594117579687746	2.0029707466899388e-08	0.2582563275	62.82924480340264	2.99235	10.354608695652175
GEX_THOC1	312.0	0.039587423294632676	10.72415054791703	0.0017087442822556248	0.003907128738958768	0.053009186671922524	1.9964415875000008	58.24764282419659	9.14325	13.81304347826087
GEX_MZB1	205.0	0.0003838130731431598	11.051024893108814	0.0014698957516555184	0.0034295750155297006	0.0006611053374404207	110.35417746	1420.8179066696598	36.08120000000001	66.77593478260869
GEX_CSRP1	55.0	1.6625918991634206e-08	24.59932754763667	5.491137980191719e-06	6.506166515924128e-05	5.000564865945365e-08	4.384280310000002	167.6272550869565	16.161700000000003	33.483
GEX_S100A9	529.0	0.339192357292055	4.291676249685017	0.04233505429775071	0.052885003931055996	0.36636522569390473	41876095.997066244	174941900.15752307	25142.17595	24522.031347826087
GEX_IGBP1	728.0	0.000189696928438825	10.569606385652092	0.0018354308554037768	0.004100876939787867	0.0003386826439250255	89.91440714749999	1593.143110176276	119.26144999999997	69.66767391304347
GEX_ARL3	608.0	0.039587423294632676	5.614352804039445	0.020841140706463614	0.02809960695250784	0.053009186671922524	2.6870744874999994	7.400882181947071	11.357750000000001	9.990760869565218
GEX_STAB1	0.0	1.4430177419871108e-10	9.119471819223063	0.0036305399423296296	0.006633369707714417	1.426703972297409e-09	0.8708017000000001	732.4173794291116	3.0	26.614695652173918
GEX_CD320	235.0	0.0017339013395379671	30.83840226089324	5.789184527565657e-07	1.8687266594855867e-05	0.002789940015470556	43.51358263999999	1374.3216930793951	25.9224	63.63508695652176
GEX_EIF4G3	398.5	0.3946995614873129	10.38131349427258	0.0020031329293696675	0.00432720980874884	0.4216599140479217	3.0950399	93.65338662996221	7.446	13.236978260869565
GEX_NCKAP1L	81.0	1.2836511910711418e-07	16.690731803388523	0.00012483394128836486	0.0005137902215131649	3.438757963844727e-07	34.9515064275	855.45740668431	29.74215	62.73552173913044
GEX_ACLY	38.0	4.0760476423901335e-09	10.190857572824145	0.0021890851628410296	0.004550496611404346	1.4229773465844127e-08	7.257101027500001	285.0396737811909	17.05285	38.588152173913045
GEX_B4GALT7	0.0	1.4430177419871108e-10	11.126099251519525	0.0014201228414791036	0.003406552337535764	1.426703972297409e-09	2.90621479	58.75901550897919	8.407100000000002	22.325456521739135
GEX_AHR	13.0	4.667460070514041e-10	13.21556130741506	0.0005547712148918504	0.0016685811155593348	2.2530578858901113e-09	1.4595038875	65.84248289083175	5.07825	16.622978260869566
GEX_SYK	42.0	5.702158300853356e-09	7.855340312368283	0.006697706310266379	0.010602441972931798	1.873566298851817e-08	142.07610486	1641.4679025978257	62.4662	131.7655
GEX_BLNK	243.0	0.0025213541327965905	6.355954443035604	0.01420074172274429	0.02003252032744789	0.003959234802905489	27.355356147499993	163.6628531176749	15.498949999999999	24.28254347826087
GEX_NFKBIZ	189.0	0.0001605126187320624	6.132748958863211	0.01592434088568039	0.022158068634523246	0.00029464992452693143	2217.3816991099998	24134.830523824203	128.10969999999998	245.51904347826087
GEX_THEMIS2	0.0	1.4430177419871108e-10	17.389628238466706	9.338031029842928e-05	0.00042801568500886014	1.426703972297409e-09	150.4462701475	3072.2051802060496	78.88244999999999	220.52852173913038
GEX_NDUFV1	0.0	1.4430177419871108e-10	19.47763640619014	3.992108013936039e-05	0.00022954621080132227	1.426703972297409e-09	41.14052384	1368.0951654957466	49.8796	136.5689347826087
GEX_NOLC1	92.0	2.9341289027783965e-07	11.255113186451089	0.0013386472495576678	0.003251000463211479	7.401576780557116e-07	20.67651276	543.0987933364838	29.2178	52.18252173913043
GEX_CD63	434.0	0.721994309918622	2.2454839427312483	0.1389215007183427	0.1597597258260941	0.7351556645265135	1833.4457766399998	3330.9158515973545	213.1884	225.41152173913045
GEX_POLA2	56.0	1.8028477960019494e-08	0.7270560432060813	0.3970189011059475	0.4264681053088612	5.3001014153140014e-08	1.7622690875000004	3.3643814272211725	5.311249999999999	9.018086956521739
GEX_ID2	701.0	0.0007918372209955902	0.0053481409782186904	0.9419299655982301	0.9443451706382255	0.0013231126214071614	6029.810974309999	5568.091099811436	392.94930000000005	308.4252826086956
GEX_PLCL2	471.0	0.8835225584859266	12.506311038916573	0.0007602696651307999	0.0021082655252917925	0.8880650909203016	8.08512781	996.6717850831757	22.1413	39.80921739130435
GEX_TGFB1	250.0	0.003465677225954596	17.3699822040201	9.414155731652678e-05	0.00042801568500886014	0.005272684028592402	99.33598028749999	4758.864596122873	42.33725	96.47991304347825
GEX_HLA-DQB1	363.0	0.17816104173901803	2.1445231760204413	0.14797453867866414	0.16967168511248587	0.20309319918354535	1876.61659134	18693.688987105863	90.6116	145.03326086956523
GEX_YRDC	32.0	2.44943326387672e-09	1.7769812487895327	0.18724642890768842	0.21098949193921088	9.298334040541724e-09	94.07611674749998	1396.7974558449905	15.18955	52.77426086956522
GEX_CD300A	128.0	3.7400020059695297e-06	8.325290076399662	0.005322914647954064	0.008781686191350377	8.169501588458583e-06	638.1662424475	2761.978152225425	100.70054999999999	164.5777608695652
GEX_LTF	156.0	2.2890315764080135e-05	3.683510489644414	0.059413946286667685	0.07328344794349233	4.661517429039236e-05	14.9080216275	1598.2199716181472	3.91735	25.261347826086954
GEX_BCL11B	596.0	0.05867837109551313	6.840096782320867	0.01110427802693518	0.016200644434819608	0.07353603557162063	24.59895446	563.6296914045369	17.9682	21.46882608695652
GEX_ITGB1	637.0	0.013791158150300629	5.161397808985507	0.026463911973033678	0.03426287940879526	0.020120682226744575	379.59685599999995	2342.5886904707	94.931	72.96308695652174
GEX_PTPN6	6.0	2.490604399910943e-10	22.02608256925365	1.4627835193542285e-05	0.00010791478416367987	1.5706876134922236e-09	497.8205115100001	6850.709192514178	133.31329999999997	321.49508695652173
GEX_TOR4A	11.0	3.904433278637691e-10	10.529707227247771	0.0018697021766276734	0.004130246051194465	1.9324473568953634e-09	1.8065213474999997	112.44648866540646	2.29895	14.62782608695652
GEX_FCN1	97.0	4.239741820313638e-07	13.363129244164972	0.0005198168772789021	0.0015965404659424552	1.0426031771966243e-06	48140.299403227495	1125547.619930119	749.6998499999999	1895.8124782608695
GEX_DNAJB9	805.0	1.5342909675114089e-06	0.12555565243839348	0.7242501888946784	0.7355372048255046	3.428044390268348e-06	441.27062128750015	533.8178800699434	71.06025	32.62786956521739
GEX_TBX21	9.0	3.2636587761371264e-10	9.519658015903634	0.003001424046219861	0.005838591055084407	1.748069289684406e-09	41.85475843999999	2330.2019715486763	15.4984	81.81680434782608
GEX_ZFP36L1	54.0	1.5329569652239087e-08	24.190130628511344	6.4030685708266405e-06	6.954443919981157e-05	4.6827044797074084e-08	452.81894030999985	290137.24904420273	116.7453	690.3367173913044
GEX_SKAP2	795.0	3.0534776200852227e-06	0.06705176015417794	0.796509839020654	0.8047424988554928	6.7073581429961916e-06	120.01609412750001	111.80614201323252	55.138149999999996	38.680826086956515
GEX_COL19A1	310.0	0.03698462907881569	1.9794099621072898	0.1642903265895852	0.18728139270124727	0.04986548265454115	5.9873280275	9.542815062381854	4.70885	6.279260869565219
GEX_TPRG1L	589.0	0.07298471079812906	9.237780999527049	0.003431348720435679	0.006388844522335002	0.08862429168344244	10.702688647499997	732.3482567225899	17.03745	28.189195652173908
GEX_SASH3	4.0	2.0778997937385742e-10	26.031774699607794	3.2267506307764315e-06	4.672812950494759e-05	1.4771978533668771e-09	922.3948721475001	20288.548650146033	161.14505	461.5943695652174
GEX_KLF6	10.0	3.570036951415636e-10	25.327925633535692	4.185074582190653e-06	5.454547205455151e-05	1.8128369454591087e-09	572.71192235	75714.98595721598	101.8865	478.30984782608687
GEX_ADA	261.0	0.00561221304689077	22.450180833642225	1.2418365211878657e-05	9.909348567029704e-05	0.008280661514469023	145.86760322750004	4735.073595654537	48.60685	114.1633260869565
GEX_PRKDC	384.0	0.29214331908552016	25.51131049415776	3.9100524018469394e-06	5.454547205455151e-05	0.31996649233176017	7.172715647499999	150.21498772258977	18.937549999999998	24.89919565217391
GEX_UNG	233.0	0.0015760990406002975	16.448540042243692	0.00013814467265454975	0.0005560933825163332	0.002557073547197993	13.162478189999998	74.71818315879015	13.061900000000003	20.311434782608693
GEX_TICAM1	0.0	1.4430177419871108e-10	31.648584956399066	4.3744279327743765e-07	1.554910292467983e-05	1.426703972297409e-09	3.81164786	129.87056891115313	9.308200000000003	34.27904347826087
GEX_GYS1	2.0	1.7322620539453067e-10	22.621038987822327	1.1628564816341798e-05	9.841462829593092e-05	1.426703972297409e-09	3.5199148275000005	59.270138437145555	8.48215	27.675673913043486
GEX_NOP2	4.0	2.0778997937385742e-10	12.760807385819398	0.0006786816741135844	0.001922931409988489	1.4771978533668771e-09	9.1170984275	149.04936938563324	22.330149999999996	54.35430434782608
GEX_FCGR3B	388.0	0.31846343333379556	2.843391619454255	0.09661992458696383	0.11379033287199657	0.345886673426428	1960.43803559	5479.413823928639	57.2841	83.39763043478263
GEX_NFAM1	24.0	1.2289867010997479e-09	15.900495915246076	0.0001739834368370432	0.0006693302325989572	5.2231934796739285e-09	106.32901964750002	16087.293342249528	37.44055	189.04252173913045
GEX_SNRPD3	737.0	0.00011435096852606226	0.33556107562737697	0.5644361929341148	0.5838480196752353	0.00021291061282709687	157.20086156000005	206.77095077126654	83.5918	67.95352173913042
GEX_LYN	10.0	3.570036951415636e-10	4.3331143258811045	0.041382519459607664	0.05186078560482884	1.8128369454591087e-09	351.08184524	5458.235076731569	69.7704	165.0689130434783
GEX_PARP8	516.0	0.4387080434625372	9.326179917227996	0.003289991766133536	0.006214428891585568	0.462358072759709	23.105350547499995	1452.1814003218337	35.87595	50.7530652173913
GEX_NFATC2	2.0	1.7322620539453067e-10	20.291564155482334	2.8859248909835834e-05	0.0001880661053957635	1.426703972297409e-09	2.7779191275000006	117.65574677504725	5.96965	27.232086956521734
GEX_MSRB1	398.0	0.39084104185729307	11.474149154512714	0.0012112797303036893	0.003075392042524302	0.41868177360603176	1525.6266893599998	6335.54779530671	138.17119999999997	152.86332608695653
GEX_IFITM1	320.0	0.051605945904187205	28.54912502489258	1.296250911146326e-06	2.98137709563655e-05	0.06594093087757254	20557.25794889	1730318.4183552586	908.2261000000002	1933.0640434782608
GEX_CD28	359.0	0.16084068158964016	6.505609388735498	0.013156344237917375	0.01891301091559763	0.18496678382808618	67.79461024	1922.883244329395	30.7066	53.53341304347827
GEX_BATF	188.0	0.00015176269394954423	19.260213304645063	4.356301479643378e-05	0.00024333055407722298	0.00028122849921455827	167.2834924475	1079.98873836862	35.917950000000005	69.21460869565217
GEX_PJA1	152.0	1.7829887376666334e-05	4.992838903924483	0.028951760299551862	0.036873414583468336	3.669203139092914e-05	7.347175627499999	25.138600306710774	14.929350000000003	20.310326086956525
GEX_FCGR1A	896.0	1.2289867010997479e-09	11.61027165574696	0.0011385416665629679	0.0029542850331626884	5.2231934796739285e-09	280.58185972749993	37.100138966446124	35.97565	8.641108695652173
GEX_PSMB9	668.0	0.0037892637042474682	4.5234967891128495	0.037293154563054286	0.0471897198516318	0.005720471460852356	5036.4963809475	8249.364068158791	265.74395	193.4625652173913
GEX_TYROBP	795.0	3.0534776200852227e-06	0.1578355046017387	0.6924790730996442	0.7069433879424566	6.7073581429961916e-06	349773.68823984754	472036.3679165524	3060.59705	2035.039456521739
GEX_TOP2B	388.0	0.31846343333379556	14.083464489661356	0.00037922243191669335	0.0012673159904224539	0.345886673426428	9.476807110000001	1529.0197853572772	21.287299999999995	46.99965217391302
GEX_PIAS4	3.0	1.8974068173776284e-10	35.157662428104715	1.337694080773776e-07	7.471976936893521e-06	1.426703972297409e-09	1.0028711874999996	523.8058038284498	6.78175	37.51867391304348
GEX_SLFN5	542.0	0.2554765030221776	6.3431192594176355	0.014294304786081742	0.02003252032744789	0.2829782228942534	58.634576560000006	874.8436987750473	26.422199999999997	33.014086956521744
GEX_FLT3	323.0	0.05683883053487157	1.155241135643992	0.28649018234481777	0.3173304852601239	0.07169026690043478	7.4421928475	16.15197371691871	6.990950000000001	9.071978260869566
GEX_OAS3	0.0	1.4423843782236744e-10	10.185940596344919	0.0021941177129447633	0.004550496611404346	1.426703972297409e-09	3.2946032275	339.49699075992436	6.66615	34.62360869565217
GEX_MALT1	591.0	0.06862954531494397	10.107295076546821	0.002276272947999561	0.0046355350138949395	0.0841231414277712	4.498221627500001	320.96189167722116	15.12235	19.516413043478263
GEX_MNDA	616.0	0.030033362694090335	0.35408271582999495	0.5539092408629465	0.5744788147941964	0.04134874934292015	37630.525500159994	26078.16257851796	471.76120000000003	353.69121739130435
GEX_ST3GAL1	0.0	1.4430177419871108e-10	13.111457108966322	0.0005808927794979117	0.0017206748241188144	1.426703972297409e-09	10.174969360000002	224.16492687948957	19.8328	55.61310869565217
GEX_PHB2	33.0	2.667682151847687e-09	5.130736459151085	0.026898901768481646	0.034711124064278294	1.0029458859350438e-08	201.53155282750004	1781.2171029740082	98.49715	158.2320652173913
GEX_CHI3L2	493.0	0.6502147699613869	1.911531043674617	0.17159889592573316	0.19391667140740365	0.6655339661123096	111.0432448475	221.0817900609641	26.77755	27.366934782608695
GEX_NDFIP1	123.0	2.6648295586052865e-06	9.794852568529652	0.002635728531709598	0.005244344218777445	5.9201611216742446e-06	107.47421283999999	3412.48639273346	57.65960000000001	108.44669565217391
GEX_CTLA4	350.0	0.12655615503146625	6.505529863711179	0.013156877158676613	0.01891301091559763	0.148154061728453	28.882469860000004	581.2267372594517	8.308200000000003	22.13915217391304
GEX_EZH2	403.0	0.43050402065652216	11.397103210046545	0.001254578106372897	0.0031244588509032017	0.4561709270371278	4.783430910000002	37.12371686200378	9.127699999999999	11.58708695652174
GEX_TNIP2	0.0	1.4430177419871108e-10	14.20213948057044	0.0003601539398569629	0.0012352648288076534	1.426703972297409e-09	15.540616747500001	2583.4437157131383	32.48955000000001	93.1479347826087
GEX_CD86	613.0	0.033354341096692885	2.6327622721502943	0.10959570283894754	0.12753547562508477	0.045283150586135135	338.31003012749994	592.2746200893195	79.49664999999999	66.36167391304348
GEX_FOXP3	5.0	2.2741515623953517e-10	13.333116645642937	0.0005267358570500684	0.0015965404659424552	1.560658675030989e-09	1.1013281999999998	6.343058835538753	2.1950000000000003	8.933347826086957
GEX_PRKCD	8.0	2.983005830231853e-10	10.657443756522387	0.0017622705276253434	0.0040060917226831935	1.7152283523833154e-09	141.39840444	17528.725215094997	51.96239999999999	210.40723913043476
GEX_IL7R	629.0	0.018721240474636285	3.6394398202838203	0.06091467380548131	0.07466344030703194	0.026813205221914972	5050.338013147499	42267.99540065029	255.18554999999998	209.2910434782609
GEX_SYVN1	7.0	2.725968123054233e-10	11.876848396952992	0.0010089588280022595	0.0027369600737913056	1.6149296001730383e-09	3.8059049275000008	297.373790879017	9.43485	39.01634782608696
GEX_CEACAM8	305.0	0.03110554570739485	3.4685270921899827	0.0671384259073273	0.08152523145889744	0.04252781733070675	5.716831539999999	44.62979769187145	2.3866000000000005	5.598782608695652
GEX_FCGR2B	599.0	0.053303540238096685	1.4581407482246627	0.23166985967677806	0.25880832895320066	0.06788822225764106	8.7998161475	20.624332263232514	9.00495	7.600326086956523
GEX_PARP3	75.0	8.102722845765159e-08	6.085886380448679	0.01631355959257638	0.0225392289777292	2.215499743142781e-07	2.4461887475000004	8.762889905482043	6.589450000000001	11.178086956521742
GEX_ALDOA	219.0	0.0007918372209955902	32.75456477863098	2.99626764041265e-07	1.3017118304459402e-05	0.0013231126214071614	1397.8847990275	31607.50859167911	273.88585	460.1188043478261
GEX_NOTCH2	9.0	3.2636587761371264e-10	12.65824589587366	0.0007104082034262341	0.001998342500285306	1.748069289684406e-09	2.3421912875	652.6372570283554	6.98925	31.510565217391306
GEX_CHST13	259.0	0.0051496080981016466	16.950427303380046	0.00011202896235917956	0.0004867036031382134	0.007685102161670778	10.77362455	1479.7088954291116	6.6065	35.895304347826084
GEX_RAC2	40.0	4.82285408106161e-09	22.066797828726493	1.4399098279156254e-05	0.00010791478416367987	1.6256344359440427e-08	3230.7548645875	42075.86463486766	360.14075	711.8889565217393
GEX_HDAC5	0.0	1.4430177419871108e-10	9.498107337154691	0.003032214563641065	0.005869286605859685	1.426703972297409e-09	3.2747243475	649.3893965505671	11.05655	45.23471739130435
GEX_YY1	562.0	0.15671623031619786	11.628716458263366	0.0011290411499209618	0.0029542850331626884	0.1812900770817555	8.418363727500005	474.8295681625709	18.77165	26.326478260869575
GEX_ACTB	338.0	0.09002664881541701	27.662083586941513	1.7819100306755257e-06	3.590193572053006e-05	0.10731835270374405	923767.2014335475	15577396.93482479	6107.32395	7341.080108695651
GEX_LONP2	322.0	0.055047528726499026	5.103791818000257	0.027287462016379913	0.03509670279080443	0.06988176536383481	29.91316824000001	134.7027823005671	37.7496	42.916782608695655
GEX_IKZF3	114.0	1.4307721292285074e-06	11.667075347506872	0.0011095465833236367	0.002931302122159067	3.215125876599692e-06	15.995180927500005	322.8043016677694	20.586850000000002	37.78563043478261
GEX_CR2	87.0	2.0204348644688444e-07	14.280149471478069	0.00034816391754963747	0.0012047087766540554	5.303493467981252e-07	2.53253839	18.176976981568995	4.3469	9.837586956521738
GEX_XPNPEP1	137.0	6.801627083100903e-06	5.763157881256843	0.01928332564901135	0.026271011598478878	1.4532438193947831e-05	17.559929427500002	92.87887425	22.02835	31.505500000000005
GEX_HSPD1	670.0	0.003465677225954596	6.465977697461313	0.01342477410747871	0.019157250642424	0.005272684028592402	137.70656035	727.8669286072779	71.69949999999999	50.72415217391303
GEX_TNFRSF4	87.0	2.0210243650363336e-07	20.67381163951245	2.481143416600432e-05	0.00017965316220199426	5.303493467981252e-07	11.6048025275	1132.6756499343098	9.156849999999999	45.357978260869565
GEX_BAD	317.0	0.04678243770719884	26.23785132351045	2.991469002815609e-06	4.595346165405944e-05	0.061177033924798487	38.7854600475	2389.8865785217395	28.327550000000002	77.05999999999999
GEX_BCL2	203.0	0.000345074853028496	16.79089600573376	0.00011972423716065135	0.000501939224180433	0.0006023404800631337	4.362248659999999	157.82881324621928	10.602799999999998	21.433282608695652
GEX_CKB	198.0	0.00026363234383686867	18.16103739802027	6.801551369650666e-05	0.0003366337450042291	0.0004685465747282529	3.2185626399999996	82.82123036342158	4.4146	12.432369565217394
GEX_VAV3	90.0	2.5290761588692474e-07	20.132780022721377	3.0736229460194754e-05	0.00019505468211045967	6.46319462822141e-07	4.56629631	84.85527707608696	6.690700000000001	17.424499999999995
GEX_IL2RG	6.0	2.490604399910943e-10	19.74703834313492	3.5841221396714836e-05	0.00021502792424557814	1.5706876134922236e-09	1240.2344012100002	58917.888872026466	264.85630000000003	616.7991304347826
GEX_AGGF1	296.0	0.022532358091850505	3.1692486141609058	0.07978367262604029	0.09569146011282746	0.031920840630121544	29.4208340475	126.14967656379966	19.46805	25.669847826086958
GEX_AKR1A1	394.0	0.36076725867608694	22.797953661801266	1.0865346909340345e-05	9.841462829593092e-05	0.38752746742403843	147.36239269000004	921.6229687811913	92.18010000000001	98.85815217391303
GEX_DCAF1	2.0	1.7322620539453067e-10	30.63522930392406	6.213157691384304e-07	1.8687266594855867e-05	1.426703972297409e-09	2.1114499599999994	31.01648233648393	8.426799999999998	21.787521739130433
GEX_ERCC1	173.0	6.402628481009933e-05	17.267981177998585	9.819855001408572e-05	0.0004363140119944036	0.00012332156335344256	15.9319000875	198.15152407230624	26.429250000000003	42.516282608695654
GEX_RTP4	483.0	0.7535692600858199	3.515718649035587	0.06535327610817224	0.07960476934048394	0.7633305199314911	80.9463368275	33.62570923865785	14.395850000000001	12.050978260869567
GEX_GSTP1	349.0	0.12312777284731859	12.348633481912826	0.0008158772608380081	0.002246535274560994	0.1445734510009056	28574.917869689998	206019.39902028782	762.7971	891.6491956521742
GEX_PRPF3	106.0	8.127055532910907e-07	14.100349121163582	0.0003764467177817343	0.0012673159904224539	1.8802832623480264e-06	14.967331587500002	555.1338987807184	24.43125	46.77695652173914
GEX_NDUFS2	313.0	0.040946089164013655	11.863679513593075	0.0010149851936054714	0.0027369600737913056	0.05464136813354723	242.79046075999995	721.1391784310019	80.86080000000001	96.99221739130435
GEX_FNIP1	323.0	0.05683883053487157	5.783153742659269	0.019083603255565202	0.026181364466406995	0.07169026690043478	8.01245466	24.03758031994329	14.777800000000003	17.160369565217387
GEX_BCAP31	285.0	0.014901997427707226	17.07279240156635	0.00010647486240461981	0.00046777158651917244	0.021660524142132067	529.3816747899999	9963.086551289223	173.9379	264.45456521739135
GEX_PPIB	318.0	0.04834629653828626	37.068627487867055	7.149495835945395e-08	6.048266353936006e-06	0.062594046180364	833.57050439	45513.05278461106	188.1321	371.94967391304345
GEX_TLR4	314.0	0.04234406200764267	6.870503314949348	0.010935264911177342	0.016013814907379555	0.056123824559282325	191.05542889	910.0309226356331	36.0329	53.27419565217391
GEX_TPD52	502.0	0.5625632279558914	0.4784645343994698	0.49162043703061553	0.5167300830079856	0.5834541701080995	7.07704459	11.470851965973534	9.9979	9.726652173913044
GEX_TNFSF13B	659.0	0.00561221304689077	3.4074071899629073	0.06953025022648578	0.08390841925480227	0.008280661514469023	338.8929217599999	961.5364618775988	91.10479999999998	76.38476086956521
GEX_GAPDH	512.0	0.4724084981711859	13.9249677173543	0.0004063376405798485	0.0013239834788893396	0.496536889206811	16934.2552082275	84808.35835321173	1092.78615	1055.1506956521741
GEX_SEC61A1	0.0	1.4430177419871108e-10	5.910211475303338	0.017864708972432558	0.024595426789511023	1.426703972297409e-09	72.38345714000002	277.1205712481097	61.99059999999999	125.03154347826087
GEX_PPM1G	66.0	4.01022803451677e-08	6.899702972814717	0.010775510348567396	0.015898960552037177	1.1280569507165878e-07	30.930122047500003	700.9515602703215	43.04495	71.99865217391303
GEX_TRIM14	42.0	5.702158300853356e-09	15.516535077013243	0.00020473825536725056	0.0007552137532886318	1.873566298851817e-08	28.319955327499997	2132.0044120850666	23.273149999999998	75.83395652173913
GEX_TSPAN13	516.0	0.4387080434625372	0.7360948505545809	0.3941164018865808	0.42451656511750163	0.462358072759709	81.16363444	192.16170569187145	23.285399999999996	23.009217391304347
